{"test_metric": 0.7915764731067046, "_timestamp": 1673192482.32193, "_runtime": 3.7536308765411377, "_step": 99, "_wandb": {"runtime": 3}}