{"train_losses": 11114.7802734375, "_timestamp": 1673192835.579363, "_runtime": 53.88122510910034, "_step": 2999, "gradients/Decoder.FC_output.bias": {"_type": "histogram", "values": [1.0, 0.0, 0.0, 1.0, 0.0, 1.0, 0.0, 0.0, 0.0, 1.0, 2.0, 0.0, 2.0, 0.0, 2.0, 3.0, 1.0, 2.0, 0.0, 2.0, 3.0, 7.0, 6.0, 5.0, 3.0, 2.0, 7.0, 9.0, 8.0, 15.0, 17.0, 15.0, 13.0, 24.0, 22.0, 27.0, 28.0, 275.0, 50.0, 26.0, 25.0, 25.0, 26.0, 12.0, 13.0, 9.0, 10.0, 4.0, 9.0, 7.0, 9.0, 8.0, 10.0, 3.0, 9.0, 3.0, 1.0, 3.0, 6.0, 3.0, 4.0, 2.0, 1.0, 2.0], "bins": [-7.186602592468262, -6.99241828918457, -6.798234462738037, -6.604050636291504, -6.4098663330078125, -6.215682029724121, -6.021498203277588, -5.827314376831055, -5.633130073547363, -5.438945770263672, -5.244761943817139, -5.0505781173706055, -4.856393814086914, -4.662209510803223, -4.4680256843566895, -4.273841857910156, -4.079657554626465, -3.8854734897613525, -3.6912894248962402, -3.497105360031128, -3.3029212951660156, -3.1087372303009033, -2.914553165435791, -2.7203691005706787, -2.5261850357055664, -2.332000970840454, -2.137816905975342, -1.9436328411102295, -1.7494487762451172, -1.5552647113800049, -1.3610806465148926, -1.1668965816497803, -0.9727120399475098, -0.7785279750823975, -0.5843439102172852, -0.39015984535217285, -0.19597578048706055, -0.0017917156219482422, 0.19239234924316406, 0.38657641410827637, 0.5807604789733887, 0.774944543838501, 0.9691286087036133, 1.1633126735687256, 1.357496738433838, 1.5516808032989502, 1.7458648681640625, 1.9400489330291748, 2.134232997894287, 2.3284170627593994, 2.5226011276245117, 2.716785192489624, 2.9109692573547363, 3.1051533222198486, 3.299337387084961, 3.4935214519500732, 3.6877055168151855, 3.881889581680298, 4.07607364654541, 4.270257949829102, 4.464441776275635, 4.658625602722168, 4.852809906005859, 5.046994209289551, 5.241178035736084]}, "gradients/Decoder.FC_output.weight": {"_type": "histogram", "values": [3.0, 1.0, 0.0, 0.0, 3.0, 1.0, 0.0, 4.0, 4.0, 6.0, 6.0, 5.0, 9.0, 18.0, 31.0, 31.0, 55.0, 68.0, 109.0, 134.0, 238.0, 338.0, 474.0, 683.0, 934.0, 1352.0, 1913.0, 2600.0, 3615.0, 4765.0, 6395.0, 8721.0, 11365.0, 15437.0, 22727.0, 151535.0, 22369.0, 15466.0, 11304.0, 8413.0, 6167.0, 4535.0, 3299.0, 2508.0, 1788.0, 1274.0, 934.0, 650.0, 434.0, 282.0, 200.0, 137.0, 98.0, 59.0, 36.0, 25.0, 18.0, 9.0, 4.0, 6.0, 2.0, 0.0, 0.0, 3.0], "bins": [-14.380191802978516, -13.971014022827148, -13.561835289001465, -13.152657508850098, -12.743478775024414, -12.334300994873047, -11.92512321472168, -11.515945434570312, -11.106766700744629, -10.697588920593262, -10.288410186767578, -9.879232406616211, -9.470054626464844, -9.06087589263916, -8.651698112487793, -8.24251937866211, -7.833341598510742, -7.424163341522217, -7.014985084533691, -6.605807304382324, -6.196629047393799, -5.787450790405273, -5.378273010253906, -4.969094753265381, -4.5599164962768555, -4.15073823928833, -3.741560220718384, -3.3323822021484375, -2.923203945159912, -2.5140256881713867, -2.1048476696014404, -1.6956696510314941, -1.2864904403686523, -0.8773123025894165, -0.46813416481018066, -0.058956027030944824, 0.350222110748291, 0.7594003677368164, 1.1685783863067627, 1.577756404876709, 1.9869346618652344, 2.3961129188537598, 2.805290937423706, 3.2144689559936523, 3.6236472129821777, 4.032825469970703, 4.44200325012207, 4.851181507110596, 5.260359764099121, 5.6695380210876465, 6.078716278076172, 6.487894058227539, 6.8970723152160645, 7.30625057220459, 7.715428352355957, 8.12460708618164, 8.533784866333008, 8.942962646484375, 9.352141380310059, 9.761319160461426, 10.17049789428711, 10.579675674438477, 10.988853454589844, 11.398031234741211, 11.807209968566895]}, "gradients/Decoder.FC_hidden.bias": {"_type": "histogram", "values": [1.0, 0.0, 0.0, 0.0, 0.0, 0.0, 1.0, 6.0, 1.0, 2.0, 0.0, 2.0, 1.0, 0.0, 2.0, 5.0, 4.0, 6.0, 5.0, 10.0, 9.0, 11.0, 10.0, 15.0, 10.0, 10.0, 11.0, 11.0, 14.0, 19.0, 10.0, 14.0, 17.0, 17.0, 11.0, 15.0, 22.0, 15.0, 16.0, 12.0, 10.0, 8.0, 8.0, 4.0, 5.0, 9.0, 4.0, 6.0, 6.0, 3.0, 4.0, 7.0, 0.0, 2.0, 1.0, 2.0, 2.0, 0.0, 0.0, 0.0, 2.0, 0.0, 0.0, 2.0], "bins": [-14.859691619873047, -14.413633346557617, -13.967576026916504, -13.521517753601074, -13.075460433959961, -12.629402160644531, -12.183343887329102, -11.737285614013672, -11.291228294372559, -10.845170021057129, -10.399112701416016, -9.953054428100586, -9.506996154785156, -9.060938835144043, -8.614880561828613, -8.1688232421875, -7.72276496887207, -7.276707172393799, -6.830649375915527, -6.384591102600098, -5.938533306121826, -5.492475509643555, -5.046417236328125, -4.6003594398498535, -4.154301643371582, -3.7082438468933105, -3.26218581199646, -2.8161277770996094, -2.370069980621338, -1.9240121841430664, -1.4779541492462158, -1.0318961143493652, -0.5858392715454102, -0.13978135585784912, 0.3062765598297119, 0.752334475517273, 1.198392391204834, 1.6444501876831055, 2.090508222579956, 2.5365662574768066, 2.982624053955078, 3.4286818504333496, 3.8747398853302, 4.320797920227051, 4.766855716705322, 5.212913513183594, 5.658971786499023, 6.105029582977295, 6.551087379455566, 6.997145175933838, 7.443202972412109, 7.889261245727539, 8.335319519042969, 8.781376838684082, 9.227435111999512, 9.673492431640625, 10.119550704956055, 10.565608978271484, 11.011666297912598, 11.457724571228027, 11.90378189086914, 12.34984016418457, 12.7958984375, 13.24195671081543, 13.688014030456543]}, "gradients/Decoder.FC_hidden.weight": {"_type": "histogram", "values": [1.0, 0.0, 0.0, 1.0, 1.0, 0.0, 1.0, 7.0, 5.0, 7.0, 12.0, 11.0, 21.0, 34.0, 32.0, 38.0, 48.0, 58.0, 82.0, 118.0, 163.0, 201.0, 238.0, 325.0, 344.0, 401.0, 429.0, 540.0, 560.0, 546.0, 578.0, 513.0, 451.0, 404.0, 343.0, 331.0, 265.0, 197.0, 145.0, 128.0, 95.0, 61.0, 65.0, 43.0, 49.0, 18.0, 19.0, 21.0, 8.0, 12.0, 9.0, 5.0, 6.0, 2.0, 2.0, 2.0, 0.0, 0.0, 3.0, 0.0, 0.0, 0.0, 0.0, 1.0], "bins": [-20.342960357666016, -19.65701675415039, -18.971073150634766, -18.285131454467773, -17.59918785095215, -16.913244247436523, -16.22730255126953, -15.541358947753906, -14.855415344238281, -14.169471740722656, -13.483529090881348, -12.797586441040039, -12.111642837524414, -11.425699234008789, -10.73975658416748, -10.053813934326172, -9.367870330810547, -8.681926727294922, -7.995984077453613, -7.3100409507751465, -6.62409782409668, -5.938154697418213, -5.252211570739746, -4.566268444061279, -3.8803253173828125, -3.1943821907043457, -2.508439064025879, -1.822495937347412, -1.1365528106689453, -0.4506096839904785, 0.23533344268798828, 0.9212765693664551, 1.6072196960449219, 2.2931628227233887, 2.9791059494018555, 3.6650490760803223, 4.350992202758789, 5.036935329437256, 5.722878456115723, 6.4088215827941895, 7.094764709472656, 7.780707836151123, 8.46665096282959, 9.152593612670898, 9.838537216186523, 10.524480819702148, 11.210423469543457, 11.896366119384766, 12.58230972290039, 13.268253326416016, 13.954195976257324, 14.640138626098633, 15.326082229614258, 16.012025833129883, 16.697967529296875, 17.3839111328125, 18.069854736328125, 18.75579833984375, 19.441741943359375, 20.127683639526367, 20.813627243041992, 21.499570846557617, 22.18551254272461, 22.871456146240234, 23.55739974975586]}, "gradients/Encoder.FC_var.bias": {"_type": "histogram", "values": [1.0, 1.0, 0.0, 0.0, 1.0, 1.0, 1.0, 0.0, 1.0, 0.0, 0.0, 0.0, 0.0, 0.0, 1.0, 0.0, 0.0, 0.0, 0.0, 2.0, 1.0, 1.0, 0.0, 1.0, 2.0, 0.0, 0.0, 1.0, 1.0, 0.0, 0.0, 1.0, 1.0, 0.0, 0.0, 0.0, 0.0, 0.0, 0.0, 1.0, 0.0, 0.0, 0.0, 0.0, 0.0, 0.0, 0.0, 0.0, 0.0, 0.0, 0.0, 0.0, 0.0, 0.0, 0.0, 0.0, 0.0, 0.0, 0.0, 0.0, 0.0, 0.0, 0.0, 1.0],