{"train_losses": 10604.3388671875, "_timestamp": 1673193030.50864, "_runtime": 56.72565007209778, "_step": 3001, "gradients/Decoder.FC_output.bias": {"_type": "histogram", "values": [1.0, 0.0, 1.0, 0.0, 2.0, 0.0, 0.0, 0.0, 2.0, 2.0, 0.0, 1.0, 2.0, 3.0, 0.0, 3.0, 2.0, 2.0, 3.0, 4.0, 4.0, 8.0, 4.0, 7.0, 6.0, 6.0, 6.0, 7.0, 15.0, 18.0, 13.0, 20.0, 25.0, 25.0, 31.0, 27.0, 272.0, 53.0, 26.0, 24.0, 18.0, 25.0, 15.0, 9.0, 15.0, 14.0, 12.0, 9.0, 5.0, 4.0, 3.0, 4.0, 9.0, 3.0, 3.0, 3.0, 2.0, 1.0, 0.0, 2.0, 0.0, 1.0, 1.0, 1.0], "bins": [-7.324600696563721, -7.1214599609375, -6.918318748474121, -6.715177536010742, -6.5120368003845215, -6.308896064758301, -6.105754852294922, -5.902613639831543, -5.699472904205322, -5.496332168579102, -5.293190956115723, -5.090049743652344, -4.886909008026123, -4.683768272399902, -4.480627059936523, -4.2774858474731445, -4.074345111846924, -3.871204137802124, -3.668063163757324, -3.4649221897125244, -3.2617812156677246, -3.058640241622925, -2.855499267578125, -2.652358293533325, -2.4492173194885254, -2.2460763454437256, -2.042935371398926, -1.839794397354126, -1.6366534233093262, -1.4335124492645264, -1.2303714752197266, -1.0272305011749268, -0.824089527130127, -0.6209485530853271, -0.41780757904052734, -0.21466660499572754, -0.011525630950927734, 0.19161534309387207, 0.3947563171386719, 0.5978972911834717, 0.8010382652282715, 1.0041792392730713, 1.207320213317871, 1.410461187362671, 1.6136021614074707, 1.8167431354522705, 2.0198841094970703, 2.22302508354187, 2.42616605758667, 2.6293070316314697, 2.8324480056762695, 3.0355889797210693, 3.238729953765869, 3.441870927810669, 3.6450119018554688, 3.8481528759002686, 4.051293849945068, 4.254434585571289, 4.457575798034668, 4.660717010498047, 4.863857746124268, 5.066998481750488, 5.270139694213867, 5.473280906677246, 5.676421642303467]}, "gradients/Decoder.FC_output.weight": {"_type": "histogram", "values": [1.0, 3.0, 3.0, 2.0, 1.0, 3.0, 8.0, 11.0, 13.0, 20.0, 26.0, 43.0, 60.0, 99.0, 92.0, 134.0, 201.0, 268.0, 366.0, 494.0, 702.0, 955.0, 1196.0, 1694.0, 2201.0, 2752.0, 3624.0, 4803.0, 6116.0, 7842.0, 10158.0, 12871.0, 18067.0, 147957.0, 29337.0, 16103.0, 11155.0, 8310.0, 6290.0, 4995.0, 3713.0, 2836.0, 2142.0, 1596.0, 1254.0, 920.0, 626.0, 474.0, 311.0, 205.0, 157.0, 105.0, 88.0, 66.0, 45.0, 29.0, 25.0, 10.0, 6.0, 5.0, 4.0, 3.0, 3.0, 1.0], "bins": [-12.540412902832031, -12.167516708374023, -11.794620513916016, -11.421724319458008, -11.048828125, -10.675931930541992, -10.303035736083984, -9.93013858795166, -9.557242393493652, -9.184346199035645, -8.811450004577637, -8.438553810119629, -8.065657615661621, -7.692760944366455, -7.319864749908447, -6.946968078613281, -6.574072360992432, -6.201176166534424, -5.828279972076416, -5.45538330078125, -5.082487106323242, -4.709590911865234, -4.336694717407227, -3.9637982845306396, -3.590902328491211, -3.218006134033203, -2.845109701156616, -2.4722135066986084, -2.0993170738220215, -1.7264208793640137, -1.3535246849060059, -0.980628252029419, -0.607731819152832, -0.23483553528785706, 0.13806074857711792, 0.5109570026397705, 0.8838533163070679, 1.2567496299743652, 1.629645824432373, 2.00254225730896, 2.375438690185547, 2.7483348846435547, 3.1212313175201416, 3.4941275119781494, 3.8670239448547363, 4.239920139312744, 4.612816333770752, 4.985713005065918, 5.358608722686768, 5.731504917144775, 6.104401111602783, 6.477297782897949, 6.850193977355957, 7.223090171813965, 7.595986366271973, 7.9688825607299805, 8.341778755187988, 8.714674949645996, 9.087571144104004, 9.460467338562012, 9.83336353302002, 10.206260681152344, 10.579156875610352, 10.95205307006836, 11.324949264526367]}, "gradients/Decoder.FC_hidden.bias": {"_type": "histogram", "values": [1.0, 0.0, 1.0, 0.0, 1.0, 0.0, 1.0, 0.0, 0.0, 1.0, 1.0, 2.0, 0.0, 4.0, 5.0, 6.0, 5.0, 8.0, 8.0, 9.0, 11.0, 10.0, 11.0, 11.0, 20.0, 15.0, 11.0, 16.0, 14.0, 22.0, 20.0, 16.0, 20.0, 9.0, 16.0, 19.0, 18.0, 12.0, 10.0, 10.0, 7.0, 3.0, 4.0, 4.0, 6.0, 6.0, 8.0, 0.0, 5.0, 3.0, 1.0, 0.0, 2.0, 1.0, 0.0, 1.0, 0.0, 2.0, 0.0, 1.0, 1.0, 0.0, 0.0, 1.0], "bins": [-17.25831413269043, -16.695331573486328, -16.132349014282227, -15.569365501403809, -15.006382942199707, -14.443399429321289, -13.880416870117188, -13.317434310913086, -12.754451751708984, -12.191469192504883, -11.628485679626465, -11.065503120422363, -10.502520561218262, -9.939537048339844, -9.376554489135742, -8.81357192993164, -8.250588417053223, -7.687605381011963, -7.124622821807861, -6.561639785766602, -5.9986572265625, -5.43567419052124, -4.8726911544799805, -4.309708595275879, -3.746725082397461, -3.1837422847747803, -2.6207594871520996, -2.05777645111084, -1.4947936534881592, -0.9318108558654785, -0.36882781982421875, 0.19415497779846191, 0.7571372985839844, 1.320120096206665, 1.8831030130386353, 2.4460859298706055, 3.009068727493286, 3.572051525115967, 4.135034561157227, 4.698017120361328, 5.26099967956543, 5.8239827156066895, 6.386965274810791, 6.949948310852051, 7.512930870056152, 8.07591438293457, 8.638896942138672, 9.201879501342773, 9.764863014221191, 10.327845573425293, 10.890829086303711, 11.453811645507812, 12.016794204711914, 12.579776763916016, 13.142760276794434, 13.705742835998535, 14.268726348876953, 14.831708908081055, 15.394692420959473, 15.957674980163574, 16.520658493041992, 17.083641052246094, 17.646623611450195, 18.209606170654297, 18.7725887298584]}, "gradients/Decoder.FC_hidden.weight": {"_type": "histogram", "values": [1.0, 0.0, 0.0, 0.0, 0.0, 1.0, 1.0, 3.0, 2.0, 0.0, 2.0, 1.0, 11.0, 11.0, 12.0, 26.0, 35.0, 51.0, 67.0, 86.0, 94.0, 156.0, 216.0, 252.0, 319.0, 387.0, 503.0, 578.0, 588.0, 659.0, 652.0, 556.0, 534.0, 499.0, 411.0, 337.0, 238.0, 179.0, 156.0, 102.0, 85.0, 57.0, 39.0, 28.0, 17.0, 20.0, 12.0, 3.0, 4.0, 0.0, 2.0, 1.0, 2.0, 0.0, 1.0, 0.0, 0.0, 1.0, 1.0, 0.0, 0.0, 0.0, 0.0, 1.0], "bins": [-24.651689529418945, -23.83096694946289, -23.010244369506836, -22.18952178955078, -21.368799209594727, -20.548076629638672, -19.727352142333984, -18.90662956237793, -18.085906982421875, -17.26518440246582, -16.444461822509766, -15.623739242553711, -14.80301570892334, -13.982293128967285, -13.16157054901123, -12.34084701538086, -11.520125389099121, -10.699402809143066, -9.878680229187012, -9.05795669555664, -8.237234115600586, -7.416511535644531, -6.595788955688477, -5.775065898895264, -4.954343795776367, -4.1336212158203125, -3.3128981590270996, -2.492175579071045, -1.6714527606964111, -0.8507299423217773, -0.030007362365722656, 0.7907156944274902, 1.6114387512207031, 2.432161569595337, 3.2528843879699707, 4.073606967926025, 4.894330024719238, 5.715052604675293, 6.535775184631348, 7.3564982414245605, 8.177221298217773, 8.997943878173828, 9.818666458129883, 10.639389038085938, 11.460112571716309, 12.280835151672363, 13.101557731628418, 13.922281265258789, 14.743002891540527, 15.563725471496582, 16.384449005126953, 17.205171585083008, 18.025894165039062, 18.846616744995117, 19.667339324951172, 20.488061904907227, 21.30878448486328, 22.129507064819336, 22.95022964477539, 23.770952224731445, 24.5916748046875, 25.412399291992188, 26.23311996459961, 27.053844451904297, 27.87456703186035]}, "gradients/Encoder.FC_var.bias": {"_type": "histogram", "values": [2.0, 1.0, 0.0, 0.0, 0.0, 0.0, 1.0, 0.0, 0.0, 0.0, 1.0, 0.0, 0.0, 1.0, 0.0, 1.0, 1.0, 0.0, 0.0, 0.0, 0.0, 1.0, 0.0, 0.0, 0.0, 0.0, 0.0, 1.0, 0.0, 0.0, 1.0, 0.0, 1.0, 1.0, 1.0, 0.0, 1.0, 1.0, 0.0, 1.0, 0.0, 0.0, 0.0, 0.0, 0.0, 0.0, 0.0, 0.0, 1.0, 0.0, 1.0, 0.0, 0.0, 0.0, 0.0, 0.0, 0.0, 0.0, 0.0, 0.0, 0.0, 0.0, 0.0, 1.0],